Path;SteerAngle;Throttle;Brake;Speed;X_Position;Y_Position;Pitch;Yaw;Roll
/home/daniel/Documents/PythonProjects/rover-proj/dataset/IMG/robocam_2017_10_19_10_06_10_759.jpg;0;0;1;0;99.66999;85.58897;0.0002378437;56.53616;4.023625E-07
/home/daniel/Documents/PythonProjects/rover-proj/dataset/IMG/robocam_2017_10_19_10_06_10_808.jpg;0;0;0;0;99.66999;85.58897;0.0002378437;56.53616;4.023625E-07
/home/daniel/Documents/PythonProjects/rover-proj/dataset/IMG/robocam_2017_10_19_10_06_10_872.jpg;0;0;0;0;99.66999;85.58897;0.0002378437;56.53616;4.023625E-07
/home/daniel/Documents/PythonProjects/rover-proj/dataset/IMG/robocam_2017_10_19_10_06_10_939.jpg;0;0;0;0;99.66999;85.58897;0.0002378437;56.53616;4.023625E-07
/home/daniel/Documents/PythonProjects/rover-proj/dataset/IMG/robocam_2017_10_19_10_06_11_005.jpg;0;0;0;0;99.66999;85.58897;0.000237859;56.53616;3.512619E-07
/home/daniel/Documents/PythonProjects/rover-proj/dataset/IMG/robocam_2017_10_19_10_06_11_071.jpg;0;0;0;0;99.66999;85.58897;0.000237859;56.53616;3.512619E-07
/home/daniel/Documents/PythonProjects/rover-proj/dataset/IMG/robocam_2017_10_19_10_06_11_138.jpg;0;0;0;0;99.66999;85.58897;0.000237859;56.53616;3.512619E-07
/home/daniel/Documents/PythonProjects/rover-proj/dataset/IMG/robocam_2017_10_19_10_06_11_206.jpg;0;0;0;0;99.66999;85.58897;0.000237859;56.53616;3.512619E-07
/home/daniel/Documents/PythonProjects/rover-proj/dataset/IMG/robocam_2017_10_19_10_06_11_274.jpg;0;0;0;0;99.66999;85.58897;0.000237859;56.53616;3.512619E-07
/home/daniel/Documents/PythonProjects/rover-proj/dataset/IMG/robocam_2017_10_19_10_06_11_338.jpg;0;0.09923387;0;0;99.67037;85.58956;0.01607166;56.53671;7.195378E-07
/home/daniel/Documents/PythonProjects/rover-proj/dataset/IMG/robocam_2017_10_19_10_06_11_408.jpg;0;0.2939129;0;0;99.67017;85.58925;0.005484406;56.51231;2.903831E-05
/home/daniel/Documents/PythonProjects/rover-proj/dataset/IMG/robocam_2017_10_19_10_06_11_471.jpg;0;0.4969769;0;0.02531703;99.67148;85.59123;0.0560263;56.53951;6.331602E-05
/home/daniel/Documents/PythonProjects/rover-proj/dataset/IMG/robocam_2017_10_19_10_06_11_538.jpg;0;0.696348;0;0.0597851;99.67617;85.59834;0.2316257;56.49079;2.23984E-05
/home/daniel/Documents/PythonProjects/rover-proj/dataset/IMG/robocam_2017_10_19_10_06_11_608.jpg;0;0.8934746;0;0.07952004;99.68162;85.60658;0.4231113;56.51183;-0.0001956129
/home/daniel/Documents/PythonProjects/rover-proj/dataset/IMG/robocam_2017_10_19_10_06_11_674.jpg;0;1;0;0.1665685;99.68895;85.61752;0.6400898;56.41622;1.907769E-05
/home/daniel/Documents/PythonProjects/rover-proj/dataset/IMG/robocam_2017_10_19_10_06_11_740.jpg;0;1;0;0.2137517;99.70158;85.63634;0.9653271;56.32539;-0.001281429
/home/daniel/Documents/PythonProjects/rover-proj/dataset/IMG/robocam_2017_10_19_10_06_11_806.jpg;0;1;0;0.2563097;99.71314;85.65365;1.221345;56.32268;-0.001200385
/home/daniel/Documents/PythonProjects/rover-proj/dataset/IMG/robocam_2017_10_19_10_06_11_872.jpg;0;1;0;0.3392313;99.7256;85.67204;1.348578;56.39498;-0.004321665
/home/daniel/Documents/PythonProjects/rover-proj/dataset/IMG/robocam_2017_10_19_10_06_11_938.jpg;0;1;0;0.3806665;99.7411;85.69499;1.136464;56.49037;-0.0002632809
/home/daniel/Documents/PythonProjects/rover-proj/dataset/IMG/robocam_2017_10_19_10_06_12_005.jpg;0;1;0;0.4473699;99.75574;85.71684;1.055283;56.40081;0.001006316
/home/daniel/Documents/PythonProjects/rover-proj/dataset/IMG/robocam_2017_10_19_10_06_12_071.jpg;0;1;0;0.4983483;99.77197;85.74111;1.018411;56.44181;-0.0007539478
/home/daniel/Documents/PythonProjects/rover-proj/dataset/IMG/robocam_2017_10_19_10_06_12_140.jpg;0;1;0;0.557164;99.79723;85.77906;1.072443;56.54917;-0.0005089916
/home/daniel/Documents/PythonProjects/rover-proj/dataset/IMG/robocam_2017_10_19_10_06_12_205.jpg;0;1;0;0.5864322;99.81862;85.81122;1.168256;56.60997;-0.0009025196
/home/daniel/Documents/PythonProjects/rover-proj/dataset/IMG/robocam_2017_10_19_10_06_12_273.jpg;0;1;0;0.6560539;99.841;85.84485;1.232748;56.58128;-0.000565836
/home/daniel/Documents/PythonProjects/rover-proj/dataset/IMG/robocam_2017_10_19_10_06_12_338.jpg;0;1;0;0.6928689;99.87251;85.89219;1.230508;56.58766;-0.0008472455
/home/daniel/Documents/PythonProjects/rover-proj/dataset/IMG/robocam_2017_10_19_10_06_12_407.jpg;0;1;0;0.7638675;99.89823;85.93096;1.217748;56.59666;-0.001204627
/home/daniel/Documents/PythonProjects/rover-proj/dataset/IMG/robocam_2017_10_19_10_06_12_474.jpg;0;1;0;0.8307121;99.92551;85.97213;1.200724;56.63431;-0.001461368
/home/daniel/Documents/PythonProjects/rover-proj/dataset/IMG/robocam_2017_10_19_10_06_12_542.jpg;0;1;0;0.8826864;99.96501;86.0316;1.207023;56.62894;-0.0006988353
/home/daniel/Documents/PythonProjects/rover-proj/dataset/IMG/robocam_2017_10_19_10_06_12_607.jpg;0;1;0;0.9244576;99.99628;86.07868;1.206088;56.6275;-0.001271177
/home/daniel/Documents/PythonProjects/rover-proj/dataset/IMG/robocam_2017_10_19_10_06_12_673.jpg;0;1;0;0.9917632;100.0293;86.12844;1.214962;56.69728;-0.00151272
/home/daniel/Documents/PythonProjects/rover-proj/dataset/IMG/robocam_2017_10_19_10_06_12_740.jpg;0;1;0;1.043733;100.0758;86.19859;1.220876;56.72868;-0.0009601529
/home/daniel/Documents/PythonProjects/rover-proj/dataset/IMG/robocam_2017_10_19_10_06_12_804.jpg;0;1;0;1.092288;100.1126;86.25404;1.220694;56.71274;-0.0007296884
/home/daniel/Documents/PythonProjects/rover-proj/dataset/IMG/robocam_2017_10_19_10_06_12_873.jpg;0;1;0;1.156218;100.1508;86.31185;1.224995;56.70499;-0.0006095736
/home/daniel/Documents/PythonProjects/rover-proj/dataset/IMG/robocam_2017_10_19_10_06_12_940.jpg;0;1;0;1.197949;100.2042;86.39239;1.227412;56.64706;-0.0005779506
/home/daniel/Documents/PythonProjects/rover-proj/dataset/IMG/robocam_2017_10_19_10_06_13_006.jpg;0;1;0;1.245611;100.2461;86.45557;1.232386;56.61277;-0.0006888078
/home/daniel/Documents/PythonProjects/rover-proj/dataset/IMG/robocam_2017_10_19_10_06_13_073.jpg;0;1;0;1.307892;100.2896;86.52109;1.237239;56.58746;-0.0007281985
/home/daniel/Documents/PythonProjects/rover-proj/dataset/IMG/robocam_2017_10_19_10_06_13_143.jpg;0;1;0;1.355384;100.3501;86.61206;1.242212;56.5607;-0.0008626208
/home/daniel/Documents/PythonProjects/rover-proj/dataset/IMG/robocam_2017_10_19_10_06_13_208.jpg;0;1;0;1.402815;100.3973;86.68301;1.244695;56.54377;-0.0008998496
/home/daniel/Documents/PythonProjects/rover-proj/dataset/IMG/robocam_2017_10_19_10_06_13_273.jpg;0;1;0;1.467107;100.4462;86.75634;1.249883;56.5278;-0.0009249102
/home/daniel/Documents/PythonProjects/rover-proj/dataset/IMG/robocam_2017_10_19_10_06_13_339.jpg;0;1;0;1.512781;100.5137;86.85764;1.252441;56.51436;-0.0009270728
/home/daniel/Documents/PythonProjects/rover-proj/dataset/IMG/robocam_2017_10_19_10_06_13_411.jpg;0;1;0;1.56031;100.5663;86.93636;1.25634;56.50492;-0.0009976343
/home/daniel/Documents/PythonProjects/rover-proj/dataset/IMG/robocam_2017_10_19_10_06_13_472.jpg;0;1;0;1.622115;100.6204;87.01743;1.263169;56.49282;-0.001016691
/home/daniel/Documents/PythonProjects/rover-proj/dataset/IMG/robocam_2017_10_19_10_06_13_539.jpg;0;1;0;1.66847;100.6949;87.12901;1.2659;56.47747;-0.000999319
/home/daniel/Documents/PythonProjects/rover-proj/dataset/IMG/robocam_2017_10_19_10_06_13_605.jpg;0;1;0;1.714347;100.7526;87.21542;1.272747;56.46635;-0.001025742
/home/daniel/Documents/PythonProjects/rover-proj/dataset/IMG/robocam_2017_10_19_10_06_13_672.jpg;0;1;0;1.775525;100.8119;87.30405;1.275059;56.4567;-0.001054672
/home/daniel/Documents/PythonProjects/rover-proj/dataset/IMG/robocam_2017_10_19_10_06_13_739.jpg;0;1;0;1.821081;100.8933;87.4258;1.282182;56.44092;-0.001066737
/home/daniel/Documents/PythonProjects/rover-proj/dataset/IMG/robocam_2017_10_19_10_06_13_806.jpg;0;1;0;1.865943;100.9562;87.51971;1.285518;56.42947;-0.001082617
/home/daniel/Documents/PythonProjects/rover-proj/dataset/IMG/robocam_2017_10_19_10_06_13_872.jpg;0;1;0;1.926197;101.0206;87.61591;1.291965;56.41882;-0.001105224
/home/daniel/Documents/PythonProjects/rover-proj/dataset/IMG/robocam_2017_10_19_10_06_13_940.jpg;-1.615902;1;0;1.972131;101.1091;87.74731;1.293041;56.3278;-0.0007992556
/home/daniel/Documents/PythonProjects/rover-proj/dataset/IMG/robocam_2017_10_19_10_06_14_006.jpg;-4.515617;1;0;2.016663;101.1787;87.84733;1.288561;55.95004;0.001027403
/home/daniel/Documents/PythonProjects/rover-proj/dataset/IMG/robocam_2017_10_19_10_06_14_072.jpg;-7.53602;1;0;2.073763;101.2516;87.94825;1.289151;55.25929;0.0005343307
/home/daniel/Documents/PythonProjects/rover-proj/dataset/IMG/robocam_2017_10_19_10_06_14_140.jpg;-10.49301;1;0;2.116264;101.3554;88.08247;1.273954;53.79108;359.9544
/home/daniel/Documents/PythonProjects/rover-proj/dataset/IMG/robocam_2017_10_19_10_06_14_207.jpg;-13.57799;1;0;2.156768;101.4384;88.18158;1.215886;52.26915;359.889
/home/daniel/Documents/PythonProjects/rover-proj/dataset/IMG/robocam_2017_10_19_10_06_14_272.jpg;-15;1;0;2.209347;101.5262;88.27852;1.109859;50.44381;359.7905
/home/daniel/Documents/PythonProjects/rover-proj/dataset/IMG/robocam_2017_10_19_10_06_14_339.jpg;-13.46509;1;0;2.250529;101.6497;88.40568;0.9165525;47.97527;359.6427
/home/daniel/Documents/PythonProjects/rover-proj/dataset/IMG/robocam_2017_10_19_10_06_14_407.jpg;-10.47664;1;0;2.294487;101.7465;88.50109;0.7673445;46.42386;359.5415
/home/daniel/Documents/PythonProjects/rover-proj/dataset/IMG/robocam_2017_10_19_10_06_14_471.jpg;-7.463346;1;0;2.353494;101.8467;88.59737;0.6475962;45.19194;359.4467
/home/daniel/Documents/PythonProjects/rover-proj/dataset/IMG/robocam_2017_10_19_10_06_14_538.jpg;-4.447042;1;0;2.397008;101.9847;88.7284;0.5380315;44.08395;359.3709
/home/daniel/Documents/PythonProjects/rover-proj/dataset/IMG/robocam_2017_10_19_10_06_14_604.jpg;-1.52205;1;0;2.439957;102.0909;88.82935;0.4996208;43.65812;359.3649
/home/daniel/Documents/PythonProjects/rover-proj/dataset/IMG/robocam_2017_10_19_10_06_14_671.jpg;0;1;0;2.496572;102.1993;88.93317;0.5196992;43.54983;359.392
/home/daniel/Documents/PythonProjects/rover-proj/dataset/IMG/robocam_2017_10_19_10_06_14_738.jpg;0;1;0;2.53804;102.3476;89.07529;0.6239159;43.54459;359.4616
/home/daniel/Documents/PythonProjects/rover-proj/dataset/IMG/robocam_2017_10_19_10_06_14_805.jpg;0;1;0;2.579065;102.4613;89.18438;0.7337004;43.5618;359.5497
/home/daniel/Documents/PythonProjects/rover-proj/dataset/IMG/robocam_2017_10_19_10_06_14_872.jpg;0;1;0;2.635293;102.577;89.29551;0.8681149;43.58302;359.6577
/home/daniel/Documents/PythonProjects/rover-proj/dataset/IMG/robocam_2017_10_19_10_06_14_939.jpg;0;1;0;2.676183;102.7346;89.4468;1.080868;43.61136;359.8211
/home/daniel/Documents/PythonProjects/rover-proj/dataset/IMG/robocam_2017_10_19_10_06_15_006.jpg;0;1;0;2.717606;102.8549;89.56257;1.253328;43.6413;359.9583
/home/daniel/Documents/PythonProjects/rover-proj/dataset/IMG/robocam_2017_10_19_10_06_15_071.jpg;0;1;0;2.77335;102.9779;89.67863;1.405527;43.62481;-9.98682E-05
/home/daniel/Documents/PythonProjects/rover-proj/dataset/IMG/robocam_2017_10_19_10_06_15_140.jpg;0;1;0;2.8179;103.1421;89.83309;1.367011;43.61153;-0.00145327
/home/daniel/Documents/PythonProjects/rover-proj/dataset/IMG/robocam_2017_10_19_10_06_15_208.jpg;0;1;0;2.86408;103.2673;89.95113;1.32604;43.59591;-0.0007362034
/home/daniel/Documents/PythonProjects/rover-proj/dataset/IMG/robocam_2017_10_19_10_06_15_271.jpg;0;1;0;2.918391;103.3946;90.0713;1.319766;43.5768;-0.0008217082
/home/daniel/Documents/PythonProjects/rover-proj/dataset/IMG/robocam_2017_10_19_10_06_15_340.jpg;0;1;0;2.959044;103.5678;90.23462;1.355367;43.55107;-0.0009012501
/home/daniel/Documents/PythonProjects/rover-proj/dataset/IMG/robocam_2017_10_19_10_06_15_409.jpg;0;1;0;2.999188;103.6997;90.35901;1.382409;43.53264;-0.001501905
/home/daniel/Documents/PythonProjects/rover-proj/dataset/IMG/robocam_2017_10_19_10_06_15_477.jpg;0;1;0;3.054602;103.878;90.52692;1.37086;43.50904;-0.001467043
/home/daniel/Documents/PythonProjects/rover-proj/dataset/IMG/robocam_2017_10_19_10_06_15_540.jpg;0;1;0;3.096977;104.014;90.65495;1.374718;43.49247;-0.001369634
/home/daniel/Documents/PythonProjects/rover-proj/dataset/IMG/robocam_2017_10_19_10_06_15_606.jpg;0;1;0;3.136935;104.1518;90.78455;1.375949;43.47618;-0.00149747
/home/daniel/Documents/PythonProjects/rover-proj/dataset/IMG/robocam_2017_10_19_10_06_15_672.jpg;0;1;0;3.191098;104.2914;90.91586;1.383055;43.46092;-0.001522081
/home/daniel/Documents/PythonProjects/rover-proj/dataset/IMG/robocam_2017_10_19_10_06_15_740.jpg;0;1;0;3.231818;104.4804;91.09342;1.386262;43.44306;-0.001093898
/home/daniel/Documents/PythonProjects/rover-proj/dataset/IMG/robocam_2017_10_19_10_06_15_805.jpg;0;1;0;3.272085;104.6242;91.22845;1.388425;43.42667;-0.001565854
/home/daniel/Documents/PythonProjects/rover-proj/dataset/IMG/robocam_2017_10_19_10_06_15_872.jpg;0;1;0;3.326412;104.7699;91.36513;1.391666;43.41197;-0.001462465
/home/daniel/Documents/PythonProjects/rover-proj/dataset/IMG/robocam_2017_10_19_10_06_15_938.jpg;0;1;0;3.366376;104.9669;91.5499;1.398903;43.39015;-0.001589613
/home/daniel/Documents/PythonProjects/rover-proj/dataset/IMG/robocam_2017_10_19_10_06_16_005.jpg;0;1;0;3.40581;105.1167;91.6903;1.400681;43.37614;-0.001148669
/home/daniel/Documents/PythonProjects/rover-proj/dataset/IMG/robocam_2017_10_19_10_06_16_071.jpg;0;1;0;3.458839;105.2683;91.8323;1.404342;43.35995;-0.001149845
/home/daniel/Documents/PythonProjects/rover-proj/dataset/IMG/robocam_2017_10_19_10_06_16_138.jpg;0;1;0;3.498386;105.4731;92.02406;1.407339;43.33801;-0.001169489
/home/daniel/Documents/PythonProjects/rover-proj/dataset/IMG/robocam_2017_10_19_10_06_16_204.jpg;0;1;0;3.537796;105.6289;92.16974;1.410099;43.32113;-0.001175148
/home/daniel/Documents/PythonProjects/rover-proj/dataset/IMG/robocam_2017_10_19_10_06_16_272.jpg;0;1;0;3.590248;105.7864;92.31697;1.413391;43.30372;-0.001186359
/home/daniel/Documents/PythonProjects/rover-proj/dataset/IMG/robocam_2017_10_19_10_06_16_340.jpg;0;1;0;3.62936;105.9991;92.51569;1.417446;43.27914;-0.001568275
/home/daniel/Documents/PythonProjects/rover-proj/dataset/IMG/robocam_2017_10_19_10_06_16_404.jpg;0;1;0;3.668348;106.1607;92.66655;1.420072;43.26123;-0.001577458
/home/daniel/Documents/PythonProjects/rover-proj/dataset/IMG/robocam_2017_10_19_10_06_16_473.jpg;0;1;0;3.719929;106.3241;92.81895;1.424787;43.24215;-0.001697347
/home/daniel/Documents/PythonProjects/rover-proj/dataset/IMG/robocam_2017_10_19_10_06_16_538.jpg;0;1;0;3.75934;106.5446;93.02453;1.430169;43.21771;-0.00161152
/home/daniel/Documents/PythonProjects/rover-proj/dataset/IMG/robocam_2017_10_19_10_06_16_607.jpg;-2.89332;1;0;3.797175;106.7127;93.17973;1.432306;43.0181;-0.0008438987
/home/daniel/Documents/PythonProjects/rover-proj/dataset/IMG/robocam_2017_10_19_10_06_16_670.jpg;-5.987978;1;0;3.847164;106.8839;93.3347;1.428049;42.48217;0.0006240354
/home/daniel/Documents/PythonProjects/rover-proj/dataset/IMG/robocam_2017_10_19_10_06_16_739.jpg;-8.895374;1;0;3.884466;107.1183;93.53893;1.396683;41.14568;359.9832
/home/daniel/Documents/PythonProjects/rover-proj/dataset/IMG/robocam_2017_10_19_10_06_16_808.jpg;-11.95047;1;0;3.919911;107.2999;93.68771;1.329695;39.63562;359.8831
/home/daniel/Documents/PythonProjects/rover-proj/dataset/IMG/robocam_2017_10_19_10_06_16_871.jpg;-14.90954;1;0;3.964621;107.4859;93.83093;1.154664;37.66287;359.7446
/home/daniel/Documents/PythonProjects/rover-proj/dataset/IMG/robocam_2017_10_19_10_06_16_941.jpg;-13.52126;1;0;3.996109;107.7422;94.01162;0.7936651;34.69829;359.4502
/home/daniel/Documents/PythonProjects/rover-proj/dataset/IMG/robocam_2017_10_19_10_06_17_004.jpg;-10.46252;1;0;4.030545;107.9399;94.14105;0.4559579;32.74602;359.1881
/home/daniel/Documents/PythonProjects/rover-proj/dataset/IMG/robocam_2017_10_19_10_06_17_070.jpg;-7.489364;1;0;4.076841;108.1422;94.26625;0.09871488;31.18588;358.9044
/home/daniel/Documents/PythonProjects/rover-proj/dataset/IMG/robocam_2017_10_19_10_06_17_138.jpg;-4.488992;1;0;4.110006;108.4194;94.43363;359.8307;29.88841;358.7518
/home/daniel/Documents/PythonProjects/rover-proj/dataset/IMG/robocam_2017_10_19_10_06_17_205.jpg;-1.481549;1;0;4.129926;108.6335;94.56143;359.8991;29.4824;358.8678
/home/daniel/Documents/PythonProjects/rover-proj/dataset/IMG/robocam_2017_10_19_10_06_17_270.jpg;0;1;0;4.185463;108.8538;94.68948;0.108828;29.25436;359.0537
/home/daniel/Documents/PythonProjects/rover-proj/dataset/IMG/robocam_2017_10_19_10_06_17_337.jpg;0;1;0;4.221392;109.1521;94.85837;0.3730149;29.1759;359.2504
/home/daniel/Documents/PythonProjects/rover-proj/dataset/IMG/robocam_2017_10_19_10_06_17_403.jpg;0;1;0;4.256773;109.3785;94.98578;0.5838225;29.173;359.4095
/home/daniel/Documents/PythonProjects/rover-proj/dataset/IMG/robocam_2017_10_19_10_06_17_472.jpg;0;1;0;4.30495;109.6072;95.1142;0.8111121;29.1848;359.5729
/home/daniel/Documents/PythonProjects/rover-proj/dataset/IMG/robocam_2017_10_19_10_06_17_539.jpg;0;1;0;4.340387;109.9151;95.28737;1.127825;29.22327;359.7978
/home/daniel/Documents/PythonProjects/rover-proj/dataset/IMG/robocam_2017_10_19_10_06_17_605.jpg;0;1;0;4.375912;110.1481;95.41878;1.363724;29.26062;359.9745
/home/daniel/Documents/PythonProjects/rover-proj/dataset/IMG/robocam_2017_10_19_10_06_17_670.jpg;0;1;0;4.422819;110.383;95.54846;1.529402;29.22649;-0.002805485
/home/daniel/Documents/PythonProjects/rover-proj/dataset/IMG/robocam_2017_10_19_10_06_17_739.jpg;0;1;0;4.46587;110.6958;95.72101;1.484581;29.21806;-0.002010511
/home/daniel/Documents/PythonProjects/rover-proj/dataset/IMG/robocam_2017_10_19_10_06_17_805.jpg;0;1;0;4.503843;110.9322;95.85159;1.424633;29.19697;-0.001193411
/home/daniel/Documents/PythonProjects/rover-proj/dataset/IMG/robocam_2017_10_19_10_06_17_873.jpg;0;1;0;4.551013;111.1708;95.98339;1.386919;29.16802;-0.00119985
/home/daniel/Documents/PythonProjects/rover-proj/dataset/IMG/robocam_2017_10_19_10_06_17_941.jpg;0;1;0;4.586217;111.4923;96.16091;1.367226;29.12729;-0.001238164
/home/daniel/Documents/PythonProjects/rover-proj/dataset/IMG/robocam_2017_10_19_10_06_18_006.jpg;0;1;0;4.621311;111.7359;96.29531;1.371809;29.09687;-0.001273021
/home/daniel/Documents/PythonProjects/rover-proj/dataset/IMG/robocam_2017_10_19_10_06_18_072.jpg;0;1;0;4.667953;111.9816;96.43075;1.389773;29.06659;-0.001323632
/home/daniel/Documents/PythonProjects/rover-proj/dataset/IMG/robocam_2017_10_19_10_06_18_139.jpg;-1.430948;1;0;4.702831;112.3125;96.61258;1.42944;28.97377;-0.001081427
/home/daniel/Documents/PythonProjects/rover-proj/dataset/IMG/robocam_2017_10_19_10_06_18_205.jpg;-4.40923;1;0;4.737565;112.5638;96.74859;1.46572;28.64121;-0.0002855206
/home/daniel/Documents/PythonProjects/rover-proj/dataset/IMG/robocam_2017_10_19_10_06_18_271.jpg;-7.444793;1;0;4.783106;112.8181;96.88317;1.498378;27.99052;-2.049757E-05
/home/daniel/Documents/PythonProjects/rover-proj/dataset/IMG/robocam_2017_10_19_10_06_18_338.jpg;-4.514072;1;0;4.817241;113.1612;97.06025;1.497976;26.96608;-0.001113381
/home/daniel/Documents/PythonProjects/rover-proj/dataset/IMG/robocam_2017_10_19_10_06_18_404.jpg;-1.456375;1;0;4.852921;113.4213;97.19238;1.485213;26.45216;-0.004150307
/home/daniel/Documents/PythonProjects/rover-proj/dataset/IMG/robocam_2017_10_19_10_06_18_473.jpg;0;1;0;4.898956;113.6838;97.32487;1.480546;26.25313;359.993
/home/daniel/Documents/PythonProjects/rover-proj/dataset/IMG/robocam_2017_10_19_10_06_18_538.jpg;0;1;0;4.933062;114.0372;97.50233;1.488589;26.20895;359.9918
/home/daniel/Documents/PythonProjects/rover-proj/dataset/IMG/robocam_2017_10_19_10_06_18_603.jpg;0;1;0;4.966722;114.3046;97.63612;1.492486;26.22598;359.9922
/home/daniel/Documents/PythonProjects/rover-proj/dataset/IMG/robocam_2017_10_19_10_06_18_670.jpg;0;1;0;5.011916;114.5738;97.77051;1.505078;26.25551;359.9924
/home/daniel/Documents/PythonProjects/rover-proj/dataset/IMG/robocam_2017_10_19_10_06_18_738.jpg;0;1;0;5.010258;114.9322;97.94886;1.466119;26.29189;-0.005569708
/home/daniel/Documents/PythonProjects/rover-proj/dataset/IMG/robocam_2017_10_19_10_06_18_803.jpg;0;1;0;5.016887;115.2017;98.08218;1.445298;26.29299;-0.004216048
/home/daniel/Documents/PythonProjects/rover-proj/dataset/IMG/robocam_2017_10_19_10_06_18_870.jpg;0;1;0;5.005983;115.4716;98.21539;1.443284;26.28214;-0.003568519
/home/daniel/Documents/PythonProjects/rover-proj/dataset/IMG/robocam_2017_10_19_10_06_18_940.jpg;0;1;0;5.029939;115.8311;98.39247;1.448384;26.30501;-0.003331101
/home/daniel/Documents/PythonProjects/rover-proj/dataset/IMG/robocam_2017_10_19_10_06_19_006.jpg;0;1;0;5.013879;116.1016;98.52544;1.473115;26.28767;-0.002585707
/home/daniel/Documents/PythonProjects/rover-proj/dataset/IMG/robocam_2017_10_19_10_06_19_071.jpg;0;1;0;5.019598;116.372;98.65809;1.500602;26.27364;-0.002425442
/home/daniel/Documents/PythonProjects/rover-proj/dataset/IMG/robocam_2017_10_19_10_06_19_138.jpg;0;1;0;5.002557;116.7313;98.83386;1.426701;26.20435;-0.001235473
/home/daniel/Documents/PythonProjects/rover-proj/dataset/IMG/robocam_2017_10_19_10_06_19_204.jpg;0;1;0;5.016187;117.001;98.96532;1.368531;26.1712;-0.0014158
/home/daniel/Documents/PythonProjects/rover-proj/dataset/IMG/robocam_2017_10_19_10_06_19_273.jpg;0;1;0;5.007087;117.2711;99.09677;1.336761;26.14482;-0.001566514
/home/daniel/Documents/PythonProjects/rover-proj/dataset/IMG/robocam_2017_10_19_10_06_19_340.jpg;0;1;0;5.025574;117.6314;99.27177;1.319001;26.07285;-0.001279986
/home/daniel/Documents/PythonProjects/rover-proj/dataset/IMG/robocam_2017_10_19_10_06_19_406.jpg;0;1;0;5.014176;117.9025;99.40316;1.333571;26.04455;-0.001531017
/home/daniel/Documents/PythonProjects/rover-proj/dataset/IMG/robocam_2017_10_19_10_06_19_470.jpg;0;1;0;5.021172;118.1734;99.53431;1.356435;25.99812;-0.0008896145
/home/daniel/Documents/PythonProjects/rover-proj/dataset/IMG/robocam_2017_10_19_10_06_19_538.jpg;0;1;0;5.014329;118.5357;99.70924;1.410441;25.95716;-0.001576597
/home/daniel/Documents/PythonProjects/rover-proj/dataset/IMG/robocam_2017_10_19_10_06_19_608.jpg;0;1;0;5.005099;118.8073;99.8401;1.453717;25.91418;-0.001113519
/home/daniel/Documents/PythonProjects/rover-proj/dataset/IMG/robocam_2017_10_19_10_06_19_672.jpg;0;1;0;5.01423;119.0793;99.97094;1.505117;25.87914;-0.001494726
/home/daniel/Documents/PythonProjects/rover-proj/dataset/IMG/robocam_2017_10_19_10_06_19_737.jpg;0;1;0;5.006032;119.4398;100.1439;1.442113;25.83421;-0.001386487
/home/daniel/Documents/PythonProjects/rover-proj/dataset/IMG/robocam_2017_10_19_10_06_19_803.jpg;0;1;0;5.010123;119.7105;100.2735;1.396882;25.79758;-0.001347762
/home/daniel/Documents/PythonProjects/rover-proj/dataset/IMG/robocam_2017_10_19_10_06_19_869.jpg;0;1;0;5.008378;119.9816;100.4032;1.374002;25.76667;-0.001493146
/home/daniel/Documents/PythonProjects/rover-proj/dataset/IMG/robocam_2017_10_19_10_06_19_939.jpg;0;1;0;5.022709;120.3434;100.5759;1.365884;25.70578;-0.001318334
/home/daniel/Documents/PythonProjects/rover-proj/dataset/IMG/robocam_2017_10_19_10_06_20_006.jpg;0;1;0;5.01417;120.6153;100.7055;1.383287;25.67523;-0.001525391
/home/daniel/Documents/PythonProjects/rover-proj/dataset/IMG/robocam_2017_10_19_10_06_20_070.jpg;0;1;0;5.020963;120.8872;100.8349;1.406966;25.63175;-0.001056276
/home/daniel/Documents/PythonProjects/rover-proj/dataset/IMG/robocam_2017_10_19_10_06_20_139.jpg;0;1;0;4.982944;121.2502;101.0072;1.454725;25.56949;-0.00164319
/home/daniel/Documents/PythonProjects/rover-proj/dataset/IMG/robocam_2017_10_19_10_06_20_207.jpg;0;1;0;5.009193;121.5228;101.1363;1.497982;25.52974;-0.001335011
/home/daniel/Documents/PythonProjects/rover-proj/dataset/IMG/robocam_2017_10_19_10_06_20_272.jpg;0;1;0;5.000559;121.7954;101.2651;1.509867;25.4976;-0.001965909
/home/daniel/Documents/PythonProjects/rover-proj/dataset/IMG/robocam_2017_10_19_10_06_20_336.jpg;0;1;0;5.008536;122.1573;101.4357;1.492076;25.38976;-0.001461943
/home/daniel/Documents/PythonProjects/rover-proj/dataset/IMG/robocam_2017_10_19_10_06_20_403.jpg;0;1;0;5.01452;122.43;101.5637;1.504682;25.36232;-0.001864698
/home/daniel/Documents/PythonProjects/rover-proj/dataset/IMG/robocam_2017_10_19_10_06_20_471.jpg;4.004889;1;0;5.023387;122.7016;101.6921;1.493729;25.45036;-0.001159445
/home/daniel/Documents/PythonProjects/rover-proj/dataset/IMG/robocam_2017_10_19_10_06_20_537.jpg;7.988877;1;0;5.014345;123.0615;101.8678;1.447064;26.24139;0.06019909
/home/daniel/Documents/PythonProjects/rover-proj/dataset/IMG/robocam_2017_10_19_10_06_20_605.jpg;11.94157;1;0;5.004622;123.3273;102.0038;1.328315;27.49199;0.1356621
/home/daniel/Documents/PythonProjects/rover-proj/dataset/IMG/robocam_2017_10_19_10_06_20_669.jpg;15;1;0;5.013749;123.588;102.1469;1.147791;29.20798;0.3186446
/home/daniel/Documents/PythonProjects/rover-proj/dataset/IMG/robocam_2017_10_19_10_06_20_736.jpg;15;1;0;4.999016;123.9263;102.3473;0.7291192;31.95373;0.6243016
/home/daniel/Documents/PythonProjects/rover-proj/dataset/IMG/robocam_2017_10_19_10_06_20_804.jpg;15;1;0;5.009065;124.1725;102.5062;0.3348715;34.06779;0.9469503
/home/daniel/Documents/PythonProjects/rover-proj/dataset/IMG/robocam_2017_10_19_10_06_20_870.jpg;15;1;0;5.009253;124.4131;102.6728;359.9282;36.16592;1.285825
/home/daniel/Documents/PythonProjects/rover-proj/dataset/IMG/robocam_2017_10_19_10_06_20_938.jpg;15;1;0;5.00141;124.7342;102.9056;359.7922;38.56148;1.450025
/home/daniel/Documents/PythonProjects/rover-proj/dataset/IMG/robocam_2017_10_19_10_06_21_009.jpg;15;1;0;5.00066;124.9727;103.0901;359.9243;40.28624;1.427816
/home/daniel/Documents/PythonProjects/rover-proj/dataset/IMG/robocam_2017_10_19_10_06_21_071.jpg;15;1;0;5.001287;125.2067;103.2825;0.09888152;42.19327;1.245518
/home/daniel/Documents/PythonProjects/rover-proj/dataset/IMG/robocam_2017_10_19_10_06_21_137.jpg;15;1;0;5.008209;125.5006;103.5519;0.03468389;45.37371;1.120849
/home/daniel/Documents/PythonProjects/rover-proj/dataset/IMG/robocam_2017_10_19_10_06_21_203.jpg;15;1;0;5.013632;125.7087;103.767;0.01121867;47.70556;1.235806
/home/daniel/Documents/PythonProjects/rover-proj/dataset/IMG/robocam_2017_10_19_10_06_21_270.jpg;15;1;0;5.003541;125.9096;103.9891;0.0062306;49.75792;1.320491
/home/daniel/Documents/PythonProjects/rover-proj/dataset/IMG/robocam_2017_10_19_10_06_21_337.jpg;15;1;0;5.01974;126.1676;104.294;0.005411031;52.41866;1.294817
/home/daniel/Documents/PythonProjects/rover-proj/dataset/IMG/robocam_2017_10_19_10_06_21_405.jpg;15;1;0;5.00141;126.351;104.5311;0.001585351;54.43132;1.269212
/home/daniel/Documents/PythonProjects/rover-proj/dataset/IMG/robocam_2017_10_19_10_06_21_470.jpg;15;1;0;5.001805;126.5262;104.7749;0.02709069;56.39079;1.212565
/home/daniel/Documents/PythonProjects/rover-proj/dataset/IMG/robocam_2017_10_19_10_06_21_539.jpg;15;1;0;5.003468;126.7446;105.1096;0.02599402;59.04546;1.18873
/home/daniel/Documents/PythonProjects/rover-proj/dataset/IMG/robocam_2017_10_19_10_06_21_605.jpg;15;1;0;5.005189;126.898;105.3665;-0.000500258;61.03873;1.17033
/home/daniel/Documents/PythonProjects/rover-proj/dataset/IMG/robocam_2017_10_19_10_06_21_670.jpg;15;1;0;5.009132;127.042;105.6296;0.006852601;63.11555;1.169811
/home/daniel/Documents/PythonProjects/rover-proj/dataset/IMG/robocam_2017_10_19_10_06_21_737.jpg;15;1;0;5.006255;127.2195;105.9877;0.008668444;65.79122;1.174972
/home/daniel/Documents/PythonProjects/rover-proj/dataset/IMG/robocam_2017_10_19_10_06_21_804.jpg;15;1;0;5.010143;127.3412;106.2619;0.02024711;67.80083;1.202515
/home/daniel/Documents/PythonProjects/rover-proj/dataset/IMG/robocam_2017_10_19_10_06_21_872.jpg;15;1;0;5.004203;127.4528;106.5399;0.01370787;69.75269;1.238228
/home/daniel/Documents/PythonProjects/rover-proj/dataset/IMG/robocam_2017_10_19_10_06_21_937.jpg;15;1;0;5.002991;127.5903;106.9156;0.02480509;72.34795;1.126927
/home/daniel/Documents/PythonProjects/rover-proj/dataset/IMG/robocam_2017_10_19_10_06_22_004.jpg;15;1;0;5.008766;127.6779;107.202;0.01521928;74.42297;1.201072
/home/daniel/Documents/PythonProjects/rover-proj/dataset/IMG/robocam_2017_10_19_10_06_22_074.jpg;15;1;0;5.003386;127.7587;107.4906;0.01145996;76.36488;1.156404
/home/daniel/Documents/PythonProjects/rover-proj/dataset/IMG/robocam_2017_10_19_10_06_22_141.jpg;10.92469;1;0;5.010881;127.8497;107.8799;0.00213913;78.84172;1.164388
/home/daniel/Documents/PythonProjects/rover-proj/dataset/IMG/robocam_2017_10_19_10_06_22_207.jpg;6.884036;1;0;5.010397;127.9092;108.174;-0.0001269722;80.24738;1.139704
/home/daniel/Documents/PythonProjects/rover-proj/dataset/IMG/robocam_2017_10_19_10_06_22_272.jpg;2.840638;1;0;5.010356;127.9623;108.4698;0.00829163;81.2178;1.100319
/home/daniel/Documents/PythonProjects/rover-proj/dataset/IMG/robocam_2017_10_19_10_06_22_337.jpg;0;1;0;5.011558;128.0265;108.8654;0.01186628;81.79357;1.042694
/home/daniel/Documents/PythonProjects/rover-proj/dataset/IMG/robocam_2017_10_19_10_06_22_405.jpg;4.046888;1;0;5.011893;128.0701;109.1633;0.03717029;82.14022;1.028024
/home/daniel/Documents/PythonProjects/rover-proj/dataset/IMG/robocam_2017_10_19_10_06_22_471.jpg;7.96483;1;0;5.011206;128.109;109.4618;0.07418665;82.78529;1.054273
/home/daniel/Documents/PythonProjects/rover-proj/dataset/IMG/robocam_2017_10_19_10_06_22_538.jpg;11.97151;1;0;5.010482;128.1515;109.8604;0.09415504;84.37567;1.148931
/home/daniel/Documents/PythonProjects/rover-proj/dataset/IMG/robocam_2017_10_19_10_06_22_606.jpg;15;1;0;5.002553;128.1764;110.1575;0.0005918219;86.04651;1.169492
/home/daniel/Documents/PythonProjects/rover-proj/dataset/IMG/robocam_2017_10_19_10_06_22_671.jpg;15;1;0;5.007832;128.1927;110.4572;0.01306196;87.90522;1.184832
/home/daniel/Documents/PythonProjects/rover-proj/dataset/IMG/robocam_2017_10_19_10_06_22_740.jpg;15;1;0;5.006055;128.2015;110.8568;0.009997463;90.44159;1.178873
/home/daniel/Documents/PythonProjects/rover-proj/dataset/IMG/robocam_2017_10_19_10_06_22_805.jpg;15;1;0;5.013385;128.1964;111.1566;0.01312369;92.38916;1.184556
/home/daniel/Documents/PythonProjects/rover-proj/dataset/IMG/robocam_2017_10_19_10_06_22_872.jpg;15;1;0;5.010559;128.1823;111.4561;0.01316058;94.37869;1.159135
/home/daniel/Documents/PythonProjects/rover-proj/dataset/IMG/robocam_2017_10_19_10_06_22_937.jpg;15;1;0;5.009171;128.1466;111.8539;-0.00460735;97.04202;1.17763
/home/daniel/Documents/PythonProjects/rover-proj/dataset/IMG/robocam_2017_10_19_10_06_23_004.jpg;15;1;0;5.009171;128.1086;112.1516;0.01612196;99.00494;1.173334
/home/daniel/Documents/PythonProjects/rover-proj/dataset/IMG/robocam_2017_10_19_10_06_23_142.jpg;15;1;0;5.008113;127.9799;112.8385;359.9888;103.6566;1.18258
/home/daniel/Documents/PythonProjects/rover-proj/dataset/IMG/robocam_2017_10_19_10_06_23_206.jpg;15;1;0;5.010245;127.9068;113.13;0.02489515;105.6616;1.219506
/home/daniel/Documents/PythonProjects/rover-proj/dataset/IMG/robocam_2017_10_19_10_06_23_272.jpg;15;1;0;5.00403;127.8268;113.4181;-0.004012109;107.4658;1.175983
/home/daniel/Documents/PythonProjects/rover-proj/dataset/IMG/robocam_2017_10_19_10_06_23_338.jpg;15;1;0;5.010566;127.7026;113.7983;-0.001622277;110.1503;1.157433
/home/daniel/Documents/PythonProjects/rover-proj/dataset/IMG/robocam_2017_10_19_10_06_23_448.jpg;15;1;0;5.008567;127.5229;114.2648;0.0153026;113.495;1.169433
/home/daniel/Documents/PythonProjects/rover-proj/dataset/IMG/robocam_2017_10_19_10_06_23_507.jpg;15;1;0;5.007761;127.4022;114.5391;0.008561802;115.5299;1.172732
/home/daniel/Documents/PythonProjects/rover-proj/dataset/IMG/robocam_2017_10_19_10_06_23_573.jpg;11.04858;1;0;5.009965;127.2726;114.8095;0.009473659;117.4136;1.17142
/home/daniel/Documents/PythonProjects/rover-proj/dataset/IMG/robocam_2017_10_19_10_06_23_639.jpg;6.846356;1;0;5.0113;127.0884;115.1647;0.006195462;119.3206;1.133592
/home/daniel/Documents/PythonProjects/rover-proj/dataset/IMG/robocam_2017_10_19_10_06_23_704.jpg;3.029394;1;0;5.011245;126.9432;115.4277;0.009372381;120.2326;1.098688
/home/daniel/Documents/PythonProjects/rover-proj/dataset/IMG/robocam_2017_10_19_10_06_23_772.jpg;-0.9166861;1;0;5.012083;126.7943;115.6888;0.01309804;120.6969;1.04852
/home/daniel/Documents/PythonProjects/rover-proj/dataset/IMG/robocam_2017_10_19_10_06_23_839.jpg;-4.884968;1;0;5.012043;126.5937;116.0371;0.06569654;120.5402;0.9451716
/home/daniel/Documents/PythonProjects/rover-proj/dataset/IMG/robocam_2017_10_19_10_06_23_905.jpg;-8.995142;1;0;5.01107;126.4454;116.3008;0.1633854;119.8179;0.7822662
/home/daniel/Documents/PythonProjects/rover-proj/dataset/IMG/robocam_2017_10_19_10_06_23_975.jpg;-12.91637;1;0;5.005118;126.3022;116.5687;0.3172673;118.508;0.4718862
/home/daniel/Documents/PythonProjects/rover-proj/dataset/IMG/robocam_2017_10_19_10_06_24_038.jpg;-15;1;0;5.008956;126.1233;116.9323;0.5714762;116.042;359.8135
/home/daniel/Documents/PythonProjects/rover-proj/dataset/IMG/robocam_2017_10_19_10_06_24_105.jpg;-15;1;0;5.009652;125.9981;117.2077;0.7063764;114.0082;359.253
/home/daniel/Documents/PythonProjects/rover-proj/dataset/IMG/robocam_2017_10_19_10_06_24_171.jpg;-15;1;0;5.006617;125.8801;117.4828;0.689658;111.8391;358.7528
/home/daniel/Documents/PythonProjects/rover-proj/dataset/IMG/robocam_2017_10_19_10_06_24_238.jpg;-15;1;0;5.003194;125.7343;117.8484;0.3908855;109.1912;358.2898
/home/daniel/Documents/PythonProjects/rover-proj/dataset/IMG/robocam_2017_10_19_10_06_24_305.jpg;-12.99042;1;0;5.001802;125.634;118.1222;359.9638;107.5435;358.1193
/home/daniel/Documents/PythonProjects/rover-proj/dataset/IMG/robocam_2017_10_19_10_06_24_371.jpg;-8.965974;1;0;5.001195;125.5372;118.4014;359.7366;106.2943;358.2071
/home/daniel/Documents/PythonProjects/rover-proj/dataset/IMG/robocam_2017_10_19_10_06_24_438.jpg;-4.966135;1;0;5.002505;125.4134;118.7822;359.7679;105.1888;358.6408
/home/daniel/Documents/PythonProjects/rover-proj/dataset/IMG/robocam_2017_10_19_10_06_24_505.jpg;-0.8986759;1;0;5.003342;125.3257;119.0772;0.1033862;104.3365;359.076
/home/daniel/Documents/PythonProjects/rover-proj/dataset/IMG/robocam_2017_10_19_10_06_24_571.jpg;2.930288;1;0;5.006369;125.246;119.3737;0.4686125;104.0009;359.3918
/home/daniel/Documents/PythonProjects/rover-proj/dataset/IMG/robocam_2017_10_19_10_06_24_637.jpg;7.006145;1;0;5.006565;125.1401;119.7693;0.9526576;104.5496;359.7769
/home/daniel/Documents/PythonProjects/rover-proj/dataset/IMG/robocam_2017_10_19_10_06_24_706.jpg;10.93819;1;0;5.010689;125.0567;120.0642;1.283213;105.5923;0.0884548
/home/daniel/Documents/PythonProjects/rover-proj/dataset/IMG/robocam_2017_10_19_10_06_24_771.jpg;14.91564;1;0;5.008821;124.9696;120.3551;1.464333;107.1413;0.3498202
/home/daniel/Documents/PythonProjects/rover-proj/dataset/IMG/robocam_2017_10_19_10_06_24_837.jpg;15;1;0;5.007987;124.8448;120.7339;1.377737;109.9012;0.6345587
/home/daniel/Documents/PythonProjects/rover-proj/dataset/IMG/robocam_2017_10_19_10_06_24_904.jpg;15;1;0;5.007193;124.7422;121.0103;1.084344;112.1975;0.8704033
/home/daniel/Documents/PythonProjects/rover-proj/dataset/IMG/robocam_2017_10_19_10_06_24_972.jpg;15;1;0;5.005909;124.6306;121.2794;0.6164254;114.526;1.159562
/home/daniel/Documents/PythonProjects/rover-proj/dataset/IMG/robocam_2017_10_19_10_06_25_038.jpg;15;1;0;5.003607;124.4699;121.6299;359.8462;117.2538;1.472437
/home/daniel/Documents/PythonProjects/rover-proj/dataset/IMG/robocam_2017_10_19_10_06_25_106.jpg;15;1;0;5.000123;124.3404;121.8938;359.5425;118.9013;1.501047
/home/daniel/Documents/PythonProjects/rover-proj/dataset/IMG/robocam_2017_10_19_10_06_25_172.jpg;10.77594;1;0;5.001023;124.2023;122.1591;359.5202;120.3358;1.330598
/home/daniel/Documents/PythonProjects/rover-proj/dataset/IMG/robocam_2017_10_19_10_06_25_238.jpg;6.929941;1;0;5.046213;124.0018;122.5138;359.9;122.115;1.008165
/home/daniel/Documents/PythonProjects/rover-proj/dataset/IMG/robocam_2017_10_19_10_06_25_305.jpg;2.931304;1;0;5.035841;123.839;122.7761;0.3454022;123.2516;0.8775697
/home/daniel/Documents/PythonProjects/rover-proj/dataset/IMG/robocam_2017_10_19_10_06_25_371.jpg;-1.187997;1;0;5.009496;123.6755;123.0339;0.6218505;123.8892;0.6823978
/home/daniel/Documents/PythonProjects/rover-proj/dataset/IMG/robocam_2017_10_19_10_06_25_438.jpg;-5.052838;1;0;5.015024;123.4556;123.3747;0.8774653;123.8935;0.3891887
/home/daniel/Documents/PythonProjects/rover-proj/dataset/IMG/robocam_2017_10_19_10_06_25_505.jpg;-5.093751;1;0;5.026958;123.2908;123.6305;1.082532;123.2707;0.1807724
/home/daniel/Documents/PythonProjects/rover-proj/dataset/IMG/robocam_2017_10_19_10_06_25_572.jpg;-9.093704;1;0;5.004348;123.1283;123.8879;1.292583;122.3969;359.9619
/home/daniel/Documents/PythonProjects/rover-proj/dataset/IMG/robocam_2017_10_19_10_06_25_639.jpg;-4.986706;1;0;5.010996;122.915;124.23;1.41693;121.1763;359.8176
/home/daniel/Documents/PythonProjects/rover-proj/dataset/IMG/robocam_2017_10_19_10_06_25_705.jpg;-4.916611;1;0;5.011522;122.7577;124.4837;1.288116;120.3954;359.8664
/home/daniel/Documents/PythonProjects/rover-proj/dataset/IMG/robocam_2017_10_19_10_06_25_771.jpg;-8.950953;1;0;4.949965;122.6088;124.7409;1.130045;119.5178;359.7808
/home/daniel/Documents/PythonProjects/rover-proj/dataset/IMG/robocam_2017_10_19_10_06_25_839.jpg;-8.827229;1;0;5.012594;122.4194;125.0904;0.9459679;117.8837;359.4988
/home/daniel/Documents/PythonProjects/rover-proj/dataset/IMG/robocam_2017_10_19_10_06_25_904.jpg;-4.845386;1;0;5.009784;122.2806;125.3519;0.6872101;116.8001;359.3938
/home/daniel/Documents/PythonProjects/rover-proj/dataset/IMG/robocam_2017_10_19_10_06_25_971.jpg;-0.9075308;1;0;5.011366;122.146;125.6161;0.4557959;116.1201;359.2393
/home/daniel/Documents/PythonProjects/rover-proj/dataset/IMG/robocam_2017_10_19_10_06_26_037.jpg;3.123865;1;0;5.012062;121.9677;125.9703;0.2060788;115.9772;359.0809
/home/daniel/Documents/PythonProjects/rover-proj/dataset/IMG/robocam_2017_10_19_10_06_26_104.jpg;7.151499;1;0;5.011383;121.8319;126.2364;0.08563612;116.4342;359.0518
/home/daniel/Documents/PythonProjects/rover-proj/dataset/IMG/robocam_2017_10_19_10_06_26_175.jpg;7.053638;1;0;5.010975;121.6447;126.5902;0.03422946;117.6418;359.181
/home/daniel/Documents/PythonProjects/rover-proj/dataset/IMG/robocam_2017_10_19_10_06_26_239.jpg;2.917128;1;0;5.017626;121.5012;126.8558;0.090638;118.3853;359.3454
/home/daniel/Documents/PythonProjects/rover-proj/dataset/IMG/robocam_2017_10_19_10_06_26_304.jpg;0;1;0;5.011423;121.3559;127.1175;0.03256765;118.7585;359.69
/home/daniel/Documents/PythonProjects/rover-proj/dataset/IMG/robocam_2017_10_19_10_06_26_371.jpg;4.065657;1;0;5.011235;121.2091;127.3833;0.193137;118.989;359.9008
/home/daniel/Documents/PythonProjects/rover-proj/dataset/IMG/robocam_2017_10_19_10_06_26_440.jpg;8.032079;1;0;5.011741;121.0063;127.7327;0.413278;119.8249;0.3989741
/home/daniel/Documents/PythonProjects/rover-proj/dataset/IMG/robocam_2017_10_19_10_06_26_505.jpg;3.915668;1;0;5.005763;120.8549;127.9941;0.5060493;120.4497;0.5862881
/home/daniel/Documents/PythonProjects/rover-proj/dataset/IMG/robocam_2017_10_19_10_06_26_572.jpg;0;1;0;5.011288;120.7018;128.2546;0.5997187;120.7884;0.7732961
/home/daniel/Documents/PythonProjects/rover-proj/dataset/IMG/robocam_2017_10_19_10_06_26_639.jpg;-3.824272;1;0;5.007951;120.5016;128.6018;0.5989397;120.5299;0.7910129
/home/daniel/Documents/PythonProjects/rover-proj/dataset/IMG/robocam_2017_10_19_10_06_26_705.jpg;-7.739825;1;0;5.011612;120.3566;128.8624;0.4789795;119.7533;0.5715646
/home/daniel/Documents/PythonProjects/rover-proj/dataset/IMG/robocam_2017_10_19_10_06_26_771.jpg;-11.81334;1;0;5.016143;120.2144;129.1267;0.4600657;118.6304;0.2743647
/home/daniel/Documents/PythonProjects/rover-proj/dataset/IMG/robocam_2017_10_19_10_06_26_839.jpg;-11.86067;1;0;5.015172;120.0341;129.4857;0.5040579;116.4899;359.7048
/home/daniel/Documents/PythonProjects/rover-proj/dataset/IMG/robocam_2017_10_19_10_06_26_906.jpg;-7.809591;1;0;5.01113;119.904;129.7565;0.5056729;115.0805;359.2841
/home/daniel/Documents/PythonProjects/rover-proj/dataset/IMG/robocam_2017_10_19_10_06_26_973.jpg;-3.85138;1;0;5.00827;119.7764;130.0269;0.4353413;114.0669;358.9573
/home/daniel/Documents/PythonProjects/rover-proj/dataset/IMG/robocam_2017_10_19_10_06_27_038.jpg;0;1;0;5;119.6009;130.3786;359.9892;114.084;359.1067
/home/daniel/Documents/PythonProjects/rover-proj/dataset/IMG/robocam_2017_10_19_10_06_27_104.jpg;3.825731;1;0;5.032405;119.4719;130.6512;0.02001195;114.125;359.1653
/home/daniel/Documents/PythonProjects/rover-proj/dataset/IMG/robocam_2017_10_19_10_06_27_169.jpg;7.811279;1;0;4.99371;119.3399;130.9228;0.1170471;114.8356;359.4976
/home/daniel/Documents/PythonProjects/rover-proj/dataset/IMG/robocam_2017_10_19_10_06_27_237.jpg;11.80837;1;0;5.028795;119.1599;131.2792;0.06676463;116.5703;0.001795475
/home/daniel/Documents/PythonProjects/rover-proj/dataset/IMG/robocam_2017_10_19_10_06_27_303.jpg;15;1;0;4.993433;119.0173;131.5379;359.8228;118.1024;0.7282605
/home/daniel/Documents/PythonProjects/rover-proj/dataset/IMG/robocam_2017_10_19_10_06_27_370.jpg;15;1;0;4.990442;118.8699;131.7987;359.8591;119.6442;1.221752
/home/daniel/Documents/PythonProjects/rover-proj/dataset/IMG/robocam_2017_10_19_10_06_27_438.jpg;15;1;0;4.973482;118.6631;132.1423;0.08230989;121.3666;1.917369
/home/daniel/Documents/PythonProjects/rover-proj/dataset/IMG/robocam_2017_10_19_10_06_27_503.jpg;11.058;1;0;4.954795;118.5075;132.3954;0.08799304;122.3171;2.211281
/home/daniel/Documents/PythonProjects/rover-proj/dataset/IMG/robocam_2017_10_19_10_06_27_570.jpg;7.064524;1;0;4.973346;118.3526;132.6475;359.9816;123.1822;2.17324
/home/daniel/Documents/PythonProjects/rover-proj/dataset/IMG/robocam_2017_10_19_10_06_27_640.jpg;3.074756;1;0;4.986613;118.1427;132.9876;0.02232575;123.8771;1.618594
/home/daniel/Documents/PythonProjects/rover-proj/dataset/IMG/robocam_2017_10_19_10_06_27_707.jpg;0;1;0;5.001393;117.9826;133.2438;0.05181041;124.1992;0.9003021
/home/daniel/Documents/PythonProjects/rover-proj/dataset/IMG/robocam_2017_10_19_10_06_27_770.jpg;0;1;0;5.011956;117.8142;133.4958;0.1896206;124.5691;0.3747132
/home/daniel/Documents/PythonProjects/rover-proj/dataset/IMG/robocam_2017_10_19_10_06_27_838.jpg;0;1;0;5.011549;117.5841;133.8292;0.4338793;124.7409;359.885
/home/daniel/Documents/PythonProjects/rover-proj/dataset/IMG/robocam_2017_10_19_10_06_27_905.jpg;0;1;0;5.011763;117.4098;134.0776;0.5909946;124.8141;359.6564
/home/daniel/Documents/PythonProjects/rover-proj/dataset/IMG/robocam_2017_10_19_10_06_27_971.jpg;-1.970401;1;0;5.011811;117.2352;134.3257;0.7460543;124.8409;359.4922
/home/daniel/Documents/PythonProjects/rover-proj/dataset/IMG/robocam_2017_10_19_10_06_28_040.jpg;-1.923952;1;0;5.010818;117.0041;134.655;0.8236718;124.563;359.4298
/home/daniel/Documents/PythonProjects/rover-proj/dataset/IMG/robocam_2017_10_19_10_06_28_107.jpg;0;1;0;5.006816;116.8322;134.8994;0.7533698;124.5163;359.5195
/home/daniel/Documents/PythonProjects/rover-proj/dataset/IMG/robocam_2017_10_19_10_06_28_171.jpg;-1.880937;1;0;5.010489;116.6611;135.1463;0.7472554;124.4279;359.5818
/home/daniel/Documents/PythonProjects/rover-proj/dataset/IMG/robocam_2017_10_19_10_06_28_239.jpg;-5.827675;1;0;5.01939;116.4361;135.4795;0.8027124;123.8748;359.5797
/home/daniel/Documents/PythonProjects/rover-proj/dataset/IMG/robocam_2017_10_19_10_06_28_303.jpg;-9.822593;1;0;4.986979;116.2722;135.7319;0.8461578;122.9772;359.4992
/home/daniel/Documents/PythonProjects/rover-proj/dataset/IMG/robocam_2017_10_19_10_06_28_371.jpg;-13.82897;1;0;5.014955;116.1138;135.9866;0.8324347;121.5763;359.3841
/home/daniel/Documents/PythonProjects/rover-proj/dataset/IMG/robocam_2017_10_19_10_06_28_438.jpg;-15;1;0;4.983349;115.9149;136.328;0.5455765;118.8629;359.2514
/home/daniel/Documents/PythonProjects/rover-proj/dataset/IMG/robocam_2017_10_19_10_06_28_507.jpg;-12.97956;1;0;5.010247;115.7772;136.5893;0.2787689;116.7937;359.0115
/home/daniel/Documents/PythonProjects/rover-proj/dataset/IMG/robocam_2017_10_19_10_06_28_571.jpg;-15;1;0;5.006283;115.6483;136.8528;359.916;114.7213;358.7405
/home/daniel/Documents/PythonProjects/rover-proj/dataset/IMG/robocam_2017_10_19_10_06_28_637.jpg;-15;1;0;5.002027;115.4827;137.2131;359.7627;112.351;358.6099
/home/daniel/Documents/PythonProjects/rover-proj/dataset/IMG/robocam_2017_10_19_10_06_28_704.jpg;-15;1;0;5.000965;115.3636;137.4909;359.921;110.6522;358.7331
/home/daniel/Documents/PythonProjects/rover-proj/dataset/IMG/robocam_2017_10_19_10_06_28_771.jpg;-12.88891;1;0;5.040685;115.2557;137.774;0.08296581;108.6451;358.8292
/home/daniel/Documents/PythonProjects/rover-proj/dataset/IMG/robocam_2017_10_19_10_06_28_840.jpg;-8.936763;1;0;5.00839;115.1291;138.1533;0.07202871;106.0356;358.9065
/home/daniel/Documents/PythonProjects/rover-proj/dataset/IMG/robocam_2017_10_19_10_06_28_907.jpg;-4.882379;1;0;5.011349;115.0458;138.4401;359.9871;104.689;358.8526
/home/daniel/Documents/PythonProjects/rover-proj/dataset/IMG/robocam_2017_10_19_10_06_28_972.jpg;-0.8472061;1;0;5.009153;114.9664;138.7302;0.006364442;103.948;358.8507
/home/daniel/Documents/PythonProjects/rover-proj/dataset/IMG/robocam_2017_10_19_10_06_29_038.jpg;0;1;0;5.014201;114.8651;139.1179;0.004344294;103.5882;358.9116
/home/daniel/Documents/PythonProjects/rover-proj/dataset/IMG/robocam_2017_10_19_10_06_29_104.jpg;0;1;0;5.012313;114.7919;139.4099;0.02286224;103.5032;358.9775
/home/daniel/Documents/PythonProjects/rover-proj/dataset/IMG/robocam_2017_10_19_10_06_29_170.jpg;2.022185;1;0;5.011465;114.7198;139.7029;0.08086798;103.5069;359.0515
/home/daniel/Documents/PythonProjects/rover-proj/dataset/IMG/robocam_2017_10_19_10_06_29_237.jpg;5.972228;1;0;5.005577;114.6202;140.0945;0.2538382;104.0756;359.241
/home/daniel/Documents/PythonProjects/rover-proj/dataset/IMG/robocam_2017_10_19_10_06_29_303.jpg;10.02372;1;0;5.015619;114.5396;140.3877;0.4351741;105.0602;359.5128
/home/daniel/Documents/PythonProjects/rover-proj/dataset/IMG/robocam_2017_10_19_10_06_29_370.jpg;14.00286;1;0;5.009802;114.4521;140.6791;0.6396418;106.5157;359.9124
/home/daniel/Documents/PythonProjects/rover-proj/dataset/IMG/robocam_2017_10_19_10_06_29_439.jpg;14.20469;1;0;5.010561;114.3255;141.0634;0.8678155;108.8026;0.5508915
/home/daniel/Documents/PythonProjects/rover-proj/dataset/IMG/robocam_2017_10_19_10_06_29_507.jpg;10.3234;1;0;5.008412;114.2263;141.3466;0.8731037;110.579;0.9426636
/home/daniel/Documents/PythonProjects/rover-proj/dataset/IMG/robocam_2017_10_19_10_06_29_571.jpg;6.372228;1;0;5.007922;114.1238;141.6252;0.7002223;112.1245;1.235475
/home/daniel/Documents/PythonProjects/rover-proj/dataset/IMG/robocam_2017_10_19_10_06_29_638.jpg;2.428422;1;0;5.00487;113.9848;141.9911;0.2082238;113.2985;1.321508
/home/daniel/Documents/PythonProjects/rover-proj/dataset/IMG/robocam_2017_10_19_10_06_29_704.jpg;-1.577954;1;0;5.004857;113.8783;142.2655;359.8108;113.6305;1.085595
/home/daniel/Documents/PythonProjects/rover-proj/dataset/IMG/robocam_2017_10_19_10_06_29_770.jpg;-5.71322;1;0;5.014995;113.7654;142.5423;359.7057;113.5171;0.827585
/home/daniel/Documents/PythonProjects/rover-proj/dataset/IMG/robocam_2017_10_19_10_06_29_838.jpg;-9.68462;1;0;5.010429;113.6145;142.9156;359.7925;112.5252;0.3958137
/home/daniel/Documents/PythonProjects/rover-proj/dataset/IMG/robocam_2017_10_19_10_06_29_905.jpg;-13.70773;1;0;5.009988;113.5068;143.1989;359.9295;111.1228;359.9574
/home/daniel/Documents/PythonProjects/rover-proj/dataset/IMG/robocam_2017_10_19_10_06_29_972.jpg;-9.679928;1;0;5.010077;113.4052;143.4853;0.1282238;109.5323;359.4191
/home/daniel/Documents/PythonProjects/rover-proj/dataset/IMG/robocam_2017_10_19_10_06_30_038.jpg;-5.771828;1;0;5.010767;113.2743;143.8663;0.2791691;107.8996;358.8456
/home/daniel/Documents/PythonProjects/rover-proj/dataset/IMG/robocam_2017_10_19_10_06_30_105.jpg;-1.729159;1;0;5.007829;113.1772;144.1492;0.2244086;107.1748;358.6802
/home/daniel/Documents/PythonProjects/rover-proj/dataset/IMG/robocam_2017_10_19_10_06_30_170.jpg;0;1;0;5.005173;113.0796;144.4291;-0.0003968714;107.014;358.8564
/home/daniel/Documents/PythonProjects/rover-proj/dataset/IMG/robocam_2017_10_19_10_06_30_237.jpg;0;1;0;5.012123;112.957;144.8104;359.9409;106.7079;359.0759
/home/daniel/Documents/PythonProjects/rover-proj/dataset/IMG/robocam_2017_10_19_10_06_30_304.jpg;0;1;0;5.011434;112.8689;145.099;-0.000626363;106.643;359.1628
/home/daniel/Documents/PythonProjects/rover-proj/dataset/IMG/robocam_2017_10_19_10_06_30_370.jpg;4.031396;1;0;5.017449;112.7803;145.3886;0.1233934;106.7872;359.2625
/home/daniel/Documents/PythonProjects/rover-proj/dataset/IMG/robocam_2017_10_19_10_06_30_436.jpg;3.955493;1;0;5.006352;112.6575;145.7748;0.3625491;107.5158;359.504
/home/daniel/Documents/PythonProjects/rover-proj/dataset/IMG/robocam_2017_10_19_10_06_30_504.jpg;3.711705;1;0;5.010915;112.5624;146.0639;0.5674653;108.1441;359.7467
/home/daniel/Documents/PythonProjects/rover-proj/dataset/IMG/robocam_2017_10_19_10_06_30_570.jpg;0;1;0;5.011504;112.4661;146.3531;0.8040907;108.5715;-0.002393683
/home/daniel/Documents/PythonProjects/rover-proj/dataset/IMG/robocam_2017_10_19_10_06_30_638.jpg;0;1;0;5.011656;112.339;146.7384;1.078066;108.7407;0.203127
/home/daniel/Documents/PythonProjects/rover-proj/dataset/IMG/robocam_2017_10_19_10_06_30_704.jpg;0;1;0;5.011933;112.2443;147.0267;1.229758;108.7441;0.2781877
/home/daniel/Documents/PythonProjects/rover-proj/dataset/IMG/robocam_2017_10_19_10_06_30_769.jpg;0;1;0;5.011552;112.1523;147.3139;1.246116;108.7201;0.175009
/home/daniel/Documents/PythonProjects/rover-proj/dataset/IMG/robocam_2017_10_19_10_06_30_836.jpg;-3.904624;1;0;5.005167;112.0296;147.6947;1.253427;108.193;0.042939
/home/daniel/Documents/PythonProjects/rover-proj/dataset/IMG/robocam_2017_10_19_10_06_30_906.jpg;0;1;0;5.021001;111.9368;147.9816;1.297016;107.9232;-0.003506573
/home/daniel/Documents/PythonProjects/rover-proj/dataset/IMG/robocam_2017_10_19_10_06_30_969.jpg;0;1;0;5.007532;111.8433;148.2688;1.355358;107.8528;-0.004692985
/home/daniel/Documents/PythonProjects/rover-proj/dataset/IMG/robocam_2017_10_19_10_06_31_036.jpg;0;1;0;5.024645;111.7194;148.6514;1.431926;107.8176;-0.004812971
/home/daniel/Documents/PythonProjects/rover-proj/dataset/IMG/robocam_2017_10_19_10_06_31_106.jpg;0;1;0;5.014402;111.6266;148.939;1.499371;107.8166;-0.004692212
/home/daniel/Documents/PythonProjects/rover-proj/dataset/IMG/robocam_2017_10_19_10_06_31_169.jpg;0;1;0;5.011024;111.5346;149.2255;1.480301;107.8074;-0.003018177
/home/daniel/Documents/PythonProjects/rover-proj/dataset/IMG/robocam_2017_10_19_10_06_31_237.jpg;0;1;0;5.006863;111.4135;149.6056;1.40744;107.7792;-0.00194982
/home/daniel/Documents/PythonProjects/rover-proj/dataset/IMG/robocam_2017_10_19_10_06_31_308.jpg;0;1;0;5.014184;111.3226;149.8922;1.39309;107.7578;-0.00175928
/home/daniel/Documents/PythonProjects/rover-proj/dataset/IMG/robocam_2017_10_19_10_06_31_371.jpg;1.821785;1;0;5.024771;111.2319;150.1787;1.387391;107.7334;-0.0008071995
/home/daniel/Documents/PythonProjects/rover-proj/dataset/IMG/robocam_2017_10_19_10_06_31_438.jpg;0;1;0;5.014026;111.1108;150.5618;1.412387;107.739;-0.001710308
/home/daniel/Documents/PythonProjects/rover-proj/dataset/IMG/robocam_2017_10_19_10_06_31_504.jpg;3.995705;1;0;5.005801;111.0191;150.8486;1.438108;107.9189;-0.001138332
/home/daniel/Documents/PythonProjects/rover-proj/dataset/IMG/robocam_2017_10_19_10_06_31_570.jpg;4.012914;1;0;4.982746;110.9246;151.1343;1.460701;108.4222;0.02952765
/home/daniel/Documents/PythonProjects/rover-proj/dataset/IMG/robocam_2017_10_19_10_06_31_637.jpg;0;1;0;5.007298;110.799;151.5149;1.442425;108.8645;-0.001931528
/home/daniel/Documents/PythonProjects/rover-proj/dataset/IMG/robocam_2017_10_19_10_06_31_704.jpg;0;1;0;5.016718;110.7035;151.8002;1.433022;108.9393;-0.001321975
/home/daniel/Documents/PythonProjects/rover-proj/dataset/IMG/robocam_2017_10_19_10_06_31_769.jpg;3.985677;1;0;5.006198;110.6066;152.0853;1.440892;109.1107;0.004096313
/home/daniel/Documents/PythonProjects/rover-proj/dataset/IMG/robocam_2017_10_19_10_06_31_836.jpg;4.167051;1;0;5.029376;110.4749;152.4639;1.450774;109.4808;0.04126277
/home/daniel/Documents/PythonProjects/rover-proj/dataset/IMG/robocam_2017_10_19_10_06_31_906.jpg;8.17872;1;0;5.014098;110.3733;152.7462;1.402172;110.1837;0.06437784
/home/daniel/Documents/PythonProjects/rover-proj/dataset/IMG/robocam_2017_10_19_10_06_31_971.jpg;12.13517;1;0;4.994921;110.2656;153.0249;1.292976;111.336;0.1659156
/home/daniel/Documents/PythonProjects/rover-proj/dataset/IMG/robocam_2017_10_19_10_06_32_039.jpg;15;1;0;5.006672;110.1123;153.3901;1.028425;113.7422;0.3993484
/home/daniel/Documents/PythonProjects/rover-proj/dataset/IMG/robocam_2017_10_19_10_06_32_105.jpg;15;1;0;5.014786;109.9884;153.6576;0.702525;115.8259;0.6392702
/home/daniel/Documents/PythonProjects/rover-proj/dataset/IMG/robocam_2017_10_19_10_06_32_171.jpg;15;1;0;5.007113;109.8565;153.9192;0.312194;117.9353;0.9644516
/home/daniel/Documents/PythonProjects/rover-proj/dataset/IMG/robocam_2017_10_19_10_06_32_238.jpg;15;1;0;5.009873;109.6689;154.2623;359.8229;120.5273;1.389829
/home/daniel/Documents/PythonProjects/rover-proj/dataset/IMG/robocam_2017_10_19_10_06_32_306.jpg;15;1;0;5.002121;109.5207;154.5217;359.7883;122.1733;1.440111
/home/daniel/Documents/PythonProjects/rover-proj/dataset/IMG/robocam_2017_10_19_10_06_32_372.jpg;15;1;0;5.000721;109.3637;154.7793;359.9272;123.8434;1.399566
/home/daniel/Documents/PythonProjects/rover-proj/dataset/IMG/robocam_2017_10_19_10_06_32_439.jpg;11.04966;1;0;5.001993;109.1411;155.1171;0.1685602;126.2677;1.155312
/home/daniel/Documents/PythonProjects/rover-proj/dataset/IMG/robocam_2017_10_19_10_06_32_503.jpg;7.081447;1;0;5.008453;108.9659;155.3603;0.1551043;128.0922;1.039142
/home/daniel/Documents/PythonProjects/rover-proj/dataset/IMG/robocam_2017_10_19_10_06_32_572.jpg;3.069119;1;0;5.013022;108.7826;155.5967;0.07993205;129.4099;1.044857
/home/daniel/Documents/PythonProjects/rover-proj/dataset/IMG/robocam_2017_10_19_10_06_32_639.jpg;-0.9271145;1;0;5.010457;108.5316;155.9071;-0.005089211;130.1014;1.100251
/home/daniel/Documents/PythonProjects/rover-proj/dataset/IMG/robocam_2017_10_19_10_06_32_705.jpg;-4.905953;1;0;5.010078;108.3417;156.1406;0.01148622;129.9886;1.056038
/home/daniel/Documents/PythonProjects/rover-proj/dataset/IMG/robocam_2017_10_19_10_06_32_769.jpg;-0.8652449;1;0;5.011422;108.1511;156.3743;0.0512292;129.6778;0.9738172
/home/daniel/Documents/PythonProjects/rover-proj/dataset/IMG/robocam_2017_10_19_10_06_32_838.jpg;-4.839106;1;0;5.017921;107.8968;156.688;0.204642;129.149;0.8097464
/home/daniel/Documents/PythonProjects/rover-proj/dataset/IMG/robocam_2017_10_19_10_06_32_904.jpg;-8.832221;1;0;5.006224;107.7095;156.927;0.3730977;128.3122;0.5731807
/home/daniel/Documents/PythonProjects/rover-proj/dataset/IMG/robocam_2017_10_19_10_06_32_971.jpg;-12.80597;1;0;5.005855;107.5274;157.1709;0.5761095;126.9815;0.1984099
/home/daniel/Documents/PythonProjects/rover-proj/dataset/IMG/robocam_2017_10_19_10_06_33_039.jpg;-15;1;0;5.009075;107.2957;157.503;0.8231822;124.5352;359.5251
/home/daniel/Documents/PythonProjects/rover-proj/dataset/IMG/robocam_2017_10_19_10_06_33_103.jpg;-15;1;0;5.00877;107.1298;157.7539;0.8692487;122.4633;359.0508
/home/daniel/Documents/PythonProjects/rover-proj/dataset/IMG/robocam_2017_10_19_10_06_33_173.jpg;-12.77646;1;0;5.00611;106.9723;158.0058;0.7340196;120.2752;358.6317
/home/daniel/Documents/PythonProjects/rover-proj/dataset/IMG/robocam_2017_10_19_10_06_33_238.jpg;-8.988776;1;0;5.003586;106.7712;158.3414;0.279722;118.162;358.3499
/home/daniel/Documents/PythonProjects/rover-proj/dataset/IMG/robocam_2017_10_19_10_06_33_303.jpg;-8.941069;1;0;5.003513;106.6258;158.5944;359.8311;117.1737;358.4076
/home/daniel/Documents/PythonProjects/rover-proj/dataset/IMG/robocam_2017_10_19_10_06_33_370.jpg;-12.95873;1;0;5.001951;106.483;158.8539;359.6219;116.2848;358.6641
/home/daniel/Documents/PythonProjects/rover-proj/dataset/IMG/robocam_2017_10_19_10_06_33_438.jpg;-8.97563;1;0;5.00343;106.3007;159.2157;359.8735;114.7637;359.0854
/home/daniel/Documents/PythonProjects/rover-proj/dataset/IMG/robocam_2017_10_19_10_06_33_503.jpg;-5.003872;1;0;5.042503;106.1739;159.4959;0.2542233;113.616;359.2128
/home/daniel/Documents/PythonProjects/rover-proj/dataset/IMG/robocam_2017_10_19_10_06_33_570.jpg;-1.023231;1;0;5.012249;106.0514;159.7763;0.5586321;112.8936;359.3172
/home/daniel/Documents/PythonProjects/rover-proj/dataset/IMG/robocam_2017_10_19_10_06_33_637.jpg;-2.029381;1;0;5.011637;105.8913;160.1498;0.8687602;112.3882;359.4975
/home/daniel/Documents/PythonProjects/rover-proj/dataset/IMG/robocam_2017_10_19_10_06_33_704.jpg;-5.969095;1;0;5.01208;105.7761;160.4306;1.016077;111.8162;359.6143
/home/daniel/Documents/PythonProjects/rover-proj/dataset/IMG/robocam_2017_10_19_10_06_33_770.jpg;-10.04076;1;0;5.005689;105.6673;160.712;1.09485;110.865;359.6582
/home/daniel/Documents/PythonProjects/rover-proj/dataset/IMG/robocam_2017_10_19_10_06_33_837.jpg;-10.15267;1;0;4.999771;105.53;161.0892;1.112781;109.1686;359.6701
/home/daniel/Documents/PythonProjects/rover-proj/dataset/IMG/robocam_2017_10_19_10_06_33_903.jpg;-6.192369;1;0;4.992811;105.4338;161.3717;1.017177;107.9334;359.6462
/home/daniel/Documents/PythonProjects/rover-proj/dataset/IMG/robocam_2017_10_19_10_06_33_971.jpg;-2.205133;1;0;5.013403;105.3426;161.6563;0.9187011;107.1657;359.5231
/home/daniel/Documents/PythonProjects/rover-proj/dataset/IMG/robocam_2017_10_19_10_06_34_037.jpg;-2.148185;1;0;5.013608;105.2228;162.0358;0.741441;106.6394;359.464
/home/daniel/Documents/PythonProjects/rover-proj/dataset/IMG/robocam_2017_10_19_10_06_34_104.jpg;-2.141347;1;0;5.011312;105.1374;162.3226;0.667779;106.3422;359.3354
/home/daniel/Documents/PythonProjects/rover-proj/dataset/IMG/robocam_2017_10_19_10_06_34_171.jpg;-6.134892;1;0;5.003723;105.0566;162.6086;0.4864183;105.8455;359.1305
/home/daniel/Documents/PythonProjects/rover-proj/dataset/IMG/robocam_2017_10_19_10_06_34_237.jpg;-6.184316;1;0;5.043225;104.9531;162.9899;0.1893402;104.4937;359.0462
/home/daniel/Documents/PythonProjects/rover-proj/dataset/IMG/robocam_2017_10_19_10_06_34_303.jpg;-2.228279;1;0;5.004333;104.8811;163.2781;0.01578055;104.0879;358.9343
/home/daniel/Documents/PythonProjects/rover-proj/dataset/IMG/robocam_2017_10_19_10_06_34_372.jpg;0;1;0;5.009268;104.8087;163.5678;359.8992;104.1462;358.8964
/home/daniel/Documents/PythonProjects/rover-proj/dataset/IMG/robocam_2017_10_19_10_06_34_439.jpg;-1.921377;1;0;5.012971;104.7088;163.9575;359.9775;104.1791;359.0547
/home/daniel/Documents/PythonProjects/rover-proj/dataset/IMG/robocam_2017_10_19_10_06_34_503.jpg;-6.089272;1;0;5.007358;104.6387;164.2515;0.09709799;103.7066;359.087
/home/daniel/Documents/PythonProjects/rover-proj/dataset/IMG/robocam_2017_10_19_10_06_34_571.jpg;-9.954958;1;0;5.010486;104.5714;164.5466;0.2237301;102.8763;359.1407
/home/daniel/Documents/PythonProjects/rover-proj/dataset/IMG/robocam_2017_10_19_10_06_34_637.jpg;-13.89533;1;0;5.007716;104.4943;164.943;0.42842;101.2325;358.9797
/home/daniel/Documents/PythonProjects/rover-proj/dataset/IMG/robocam_2017_10_19_10_06_34_704.jpg;-9.942999;1;0;5.009162;104.441;165.2386;0.4417118;99.77695;358.9332
/home/daniel/Documents/PythonProjects/rover-proj/dataset/IMG/robocam_2017_10_19_10_06_34_769.jpg;-9.896135;1;0;5.010614;104.3913;165.5316;0.2763102;98.38602;358.9945
/home/daniel/Documents/PythonProjects/rover-proj/dataset/IMG/robocam_2017_10_19_10_06_34_836.jpg;-13.86621;1;0;5.029764;104.3415;165.9236;359.9752;96.09503;358.8971
/home/daniel/Documents/PythonProjects/rover-proj/dataset/IMG/robocam_2017_10_19_10_06_34_903.jpg;-15;1;0;5.008263;104.3146;166.2218;359.9546;94.33255;358.7408
/home/daniel/Documents/PythonProjects/rover-proj/dataset/IMG/robocam_2017_10_19_10_06_34_970.jpg;-13.01801;1;0;5.012182;104.2934;166.522;0.02283738;92.56967;358.6931
/home/daniel/Documents/PythonProjects/rover-proj/dataset/IMG/robocam_2017_10_19_10_06_35_036.jpg;-12.94722;1;0;5.00405;104.2734;166.9214;0.01251075;90.48767;358.9122
/home/daniel/Documents/PythonProjects/rover-proj/dataset/IMG/robocam_2017_10_19_10_06_35_102.jpg;-15;1;0;5.009617;104.2756;167.2216;0.0301335;88.54144;358.8654
/home/daniel/Documents/PythonProjects/rover-proj/dataset/IMG/robocam_2017_10_19_10_06_35_170.jpg;-15;1;0;5.008049;104.2871;167.5207;0.007871767;86.56255;358.7945
/home/daniel/Documents/PythonProjects/rover-proj/dataset/IMG/robocam_2017_10_19_10_06_35_237.jpg;-14.99831;1;0;5.013096;104.3137;167.9198;0.01333709;84.06856;358.851
/home/daniel/Documents/PythonProjects/rover-proj/dataset/IMG/robocam_2017_10_19_10_06_35_303.jpg;-10.96091;1;0;5.009819;104.3463;168.2179;0.01129522;82.28136;358.8346
/home/daniel/Documents/PythonProjects/rover-proj/dataset/IMG/robocam_2017_10_19_10_06_35_370.jpg;-6.960897;1;0;5.010638;104.3859;168.5154;0.009649503;80.84395;358.8609
/home/daniel/Documents/PythonProjects/rover-proj/dataset/IMG/robocam_2017_10_19_10_06_35_437.jpg;-2.940588;1;0;5.011315;104.4484;168.911;0.01014901;79.60641;358.9118
/home/daniel/Documents/PythonProjects/rover-proj/dataset/IMG/robocam_2017_10_19_10_06_35_504.jpg;1.0533;1;0;5.012011;104.4999;169.2075;0.02901329;79.22527;358.9608
/home/daniel/Documents/PythonProjects/rover-proj/dataset/IMG/robocam_2017_10_19_10_06_35_570.jpg;5.077572;1;0;5.012041;104.5524;169.5044;0.07287761;79.3248;359.0383
/home/daniel/Documents/PythonProjects/rover-proj/dataset/IMG/robocam_2017_10_19_10_06_35_638.jpg;9.088326;1;0;5.011086;104.6183;169.9027;0.212812;80.29282;359.2648
/home/daniel/Documents/PythonProjects/rover-proj/dataset/IMG/robocam_2017_10_19_10_06_35_703.jpg;13.03632;1;0;5.005072;104.6605;170.2033;0.3725294;81.6706;359.5924
/home/daniel/Documents/PythonProjects/rover-proj/dataset/IMG/robocam_2017_10_19_10_06_35_768.jpg;15;1;0;5.009222;104.6938;170.5055;0.5646775;83.52278;0.08476051
/home/daniel/Documents/PythonProjects/rover-proj/dataset/IMG/robocam_2017_10_19_10_06_35_836.jpg;15;1;0;5.009685;104.7261;170.9076;0.7439314;86.23785;0.8216227
/home/daniel/Documents/PythonProjects/rover-proj/dataset/IMG/robocam_2017_10_19_10_06_35_903.jpg;15;1;0;5.006855;104.7423;171.2057;0.6879226;88.42827;1.296794
/home/daniel/Documents/PythonProjects/rover-proj/dataset/IMG/robocam_2017_10_19_10_06_35_970.jpg;10.9266;1;0;5.003297;104.753;171.5007;0.4535698;90.2771;1.607835
/home/daniel/Documents/PythonProjects/rover-proj/dataset/IMG/robocam_2017_10_19_10_06_36_037.jpg;6.81324;1;0;5.003078;104.7596;171.8898;359.8709;91.86929;1.711344
/home/daniel/Documents/PythonProjects/rover-proj/dataset/IMG/robocam_2017_10_19_10_06_36_103.jpg;2.938499;1;0;5.003439;104.762;172.1855;359.6157;92.40579;1.410505
/home/daniel/Documents/PythonProjects/rover-proj/dataset/IMG/robocam_2017_10_19_10_06_36_168.jpg;-1.099792;1;0;5.044453;104.7593;172.4871;359.6447;92.7088;0.9868841
/home/daniel/Documents/PythonProjects/rover-proj/dataset/IMG/robocam_2017_10_19_10_06_36_235.jpg;-5.0457;1;0;5.042617;104.7478;172.8962;0.08238142;92.65363;0.4564324
/home/daniel/Documents/PythonProjects/rover-proj/dataset/IMG/robocam_2017_10_19_10_06_36_303.jpg;-9.050517;1;0;5.010918;104.7398;173.2034;0.458957;91.95929;0.0758239
/home/daniel/Documents/PythonProjects/rover-proj/dataset/IMG/robocam_2017_10_19_10_06_36_370.jpg;-5.124063;1;0;5.011599;104.7339;173.51;0.8053459;91.04416;359.7216
/home/daniel/Documents/PythonProjects/rover-proj/dataset/IMG/robocam_2017_10_19_10_06_36_437.jpg;-1.02798;1;0;5.011159;104.7256;173.9159;1.106609;90.25043;359.4413
/home/daniel/Documents/PythonProjects/rover-proj/dataset/IMG/robocam_2017_10_19_10_06_36_502.jpg;0;1;0;5.009946;104.7183;174.2166;1.113128;89.97276;359.4448
/home/daniel/Documents/PythonProjects/rover-proj/dataset/IMG/robocam_2017_10_19_10_06_36_571.jpg;4.062123;1;0;5.011317;104.7105;174.5141;0.9342158;89.98379;359.6158
/home/daniel/Documents/PythonProjects/rover-proj/dataset/IMG/robocam_2017_10_19_10_06_36_636.jpg;8.071561;1;0;4.932923;104.701;174.9109;0.7566139;90.71423;359.8672
/home/daniel/Documents/PythonProjects/rover-proj/dataset/IMG/robocam_2017_10_19_10_06_36_703.jpg;11.96028;1;0;5.00752;104.6895;175.2103;0.6991135;91.88397;0.09075246
/home/daniel/Documents/PythonProjects/rover-proj/dataset/IMG/robocam_2017_10_19_10_06_36_770.jpg;15;1;0;5.010411;104.6714;175.5091;0.6308472;93.49814;0.3752775
/home/daniel/Documents/PythonProjects/rover-proj/dataset/IMG/robocam_2017_10_19_10_06_36_838.jpg;15;1;0;5.009758;104.6349;175.9056;0.5123233;96.03854;0.8876273
/home/daniel/Documents/PythonProjects/rover-proj/dataset/IMG/robocam_2017_10_19_10_06_36_902.jpg;13.07663;1;0;5.007049;104.6003;176.1989;0.2670981;98.0766;1.219751
/home/daniel/Documents/PythonProjects/rover-proj/dataset/IMG/robocam_2017_10_19_10_06_36_970.jpg;9.096837;1;0;5.003555;104.5619;176.4902;359.9352;99.69061;1.366436
/home/daniel/Documents/PythonProjects/rover-proj/dataset/IMG/robocam_2017_10_19_10_06_37_038.jpg;4.900489;1;0;5.024867;104.5022;176.8856;359.9133;101.1158;1.255486
/home/daniel/Documents/PythonProjects/rover-proj/dataset/IMG/robocam_2017_10_19_10_06_37_103.jpg;1.102009;1;0;5.003427;104.4494;177.1842;0.05683515;101.7673;1.110877
/home/daniel/Documents/PythonProjects/rover-proj/dataset/IMG/robocam_2017_10_19_10_06_37_169.jpg;0;0.7937174;0;5.009332;104.3918;177.4804;0.1277937;102.0663;0.9898251
/home/daniel/Documents/PythonProjects/rover-proj/dataset/IMG/robocam_2017_10_19_10_06_37_237.jpg;0;0.590677;0;5.00661;104.3102;177.8741;0.2141639;102.2064;0.8757771
/home/daniel/Documents/PythonProjects/rover-proj/dataset/IMG/robocam_2017_10_19_10_06_37_307.jpg;0;0.3884714;0;5.001322;104.2474;178.1686;0.2755453;102.2363;0.8051463
/home/daniel/Documents/PythonProjects/rover-proj/dataset/IMG/robocam_2017_10_19_10_06_37_371.jpg;0;0.1935284;0;4.998292;104.1845;178.4622;0.2988358;102.238;0.715739
/home/daniel/Documents/PythonProjects/rover-proj/dataset/IMG/robocam_2017_10_19_10_06_37_438.jpg;0;0;0;4.989676;104.1007;178.8519;0.2780986;102.232;0.5930743
/home/daniel/Documents/PythonProjects/rover-proj/dataset/IMG/robocam_2017_10_19_10_06_37_504.jpg;0;0;0;4.973981;104.0381;179.1424;0.2190464;102.2273;0.5016738
/home/daniel/Documents/PythonProjects/rover-proj/dataset/IMG/robocam_2017_10_19_10_06_37_570.jpg;0;0;0;4.952203;103.9757;179.4313;0.1304997;102.2249;0.4143318
/home/daniel/Documents/PythonProjects/rover-proj/dataset/IMG/robocam_2017_10_19_10_06_37_637.jpg;0;0;0.2029202;4.925676;103.8932;179.8122;359.9297;102.2258;0.3073028
/home/daniel/Documents/PythonProjects/rover-proj/dataset/IMG/robocam_2017_10_19_10_06_37_707.jpg;0;0;0.4023421;4.868672;103.8333;180.0918;359.6773;102.208;0.1854336
/home/daniel/Documents/PythonProjects/rover-proj/dataset/IMG/robocam_2017_10_19_10_06_37_770.jpg;0;0;0.6015573;4.731622;103.7754;180.3626;359.2806;102.1784;0.03815851
/home/daniel/Documents/PythonProjects/rover-proj/dataset/IMG/robocam_2017_10_19_10_06_37_837.jpg;0;0;0.7999742;4.586084;103.6994;180.7073;358.5581;102.1895;359.9702
/home/daniel/Documents/PythonProjects/rover-proj/dataset/IMG/robocam_2017_10_19_10_06_37_902.jpg;0;0;1;4.453984;103.6428;180.9595;358.1805;102.1778;0.02647342
/home/daniel/Documents/PythonProjects/rover-proj/dataset/IMG/robocam_2017_10_19_10_06_37_970.jpg;0;0;1;4.297332;103.5894;181.2086;358.0151;102.2161;359.9708
/home/daniel/Documents/PythonProjects/rover-proj/dataset/IMG/robocam_2017_10_19_10_06_38_038.jpg;0;0;1;4.169159;103.5169;181.5341;358.0853;102.3378;0.0578814
/home/daniel/Documents/PythonProjects/rover-proj/dataset/IMG/robocam_2017_10_19_10_06_38_103.jpg;0;0;1;4.056068;103.4664;181.7749;358.3931;102.4037;359.9601
/home/daniel/Documents/PythonProjects/rover-proj/dataset/IMG/robocam_2017_10_19_10_06_38_169.jpg;0;0;1;3.893853;103.4147;182.0078;358.7627;102.3624;359.9706
/home/daniel/Documents/PythonProjects/rover-proj/dataset/IMG/robocam_2017_10_19_10_06_38_237.jpg;0;0;1;3.652162;103.3524;182.2911;358.8154;102.3646;359.9933
/home/daniel/Documents/PythonProjects/rover-proj/dataset/IMG/robocam_2017_10_19_10_06_38_304.jpg;0;0;1;3.431349;103.3101;182.4838;358.5659;102.3454;0.00374848
/home/daniel/Documents/PythonProjects/rover-proj/dataset/IMG/robocam_2017_10_19_10_06_38_370.jpg;0;0;1;3.221902;103.2694;182.6708;358.4427;102.3977;-0.0002046878
/home/daniel/Documents/PythonProjects/rover-proj/dataset/IMG/robocam_2017_10_19_10_06_38_437.jpg;0;0;1;3.103188;103.2161;182.9137;358.5421;102.46;0.00451176
/home/daniel/Documents/PythonProjects/rover-proj/dataset/IMG/robocam_2017_10_19_10_06_38_503.jpg;0;0;1;2.941431;103.1783;183.0859;358.6592;102.4829;0.01057827
/home/daniel/Documents/PythonProjects/rover-proj/dataset/IMG/robocam_2017_10_19_10_06_38_568.jpg;0;0;1;2.728173;103.1439;183.2469;358.7251;102.475;359.9625
